{"total":40,"wp0":{"x":120.0,"y":160.0},"wp1":{"x":114.124140625,"y":163.0328125},"wp10":{"x":99.765625,"y":189.0625},"wp11":{"x":101.668671875,"y":191.2984375},"wp12":{"x":104.11499999999998,"y":193.29999999999998},"wp13":{"x":107.06195312500002,"y":195.03906250000003},"wp14":{"x":110.46687499999999,"y":196.4875},"wp15":{"x":114.287109375,"y":197.6171875},"wp16":{"x":118.48,"y":198.39999999999998},"wp17":{"x":123.00289062499996,"y":198.80781249999995},"wp18":{"x":127.81312500000001,"y":198.81250000000003},"wp19":{"x":132.868046875,"y":198.3859375},"wp2":{"x":109.21812499999999,"y":166.11249999999995},"wp20":{"x":138.125,"y":197.5},"wp21":{"x":143.541328125,"y":196.1265625},"wp22":{"x":149.074375,"y":194.23749999999998},"wp23":{"x":154.681484375,"y":191.8046875},"wp24":{"x":160.32,"y":188.79999999999995},"wp25":{"x":165.947265625,"y":185.1953125},"wp26":{"x":171.520625,"y":180.96250000000003},"wp27":{"x":176.99742187500004,"y":176.07343749999998},"wp28":{"x":182.33499999999998,"y":170.5},"wp29":{"x":187.490703125,"y":164.2140625},"wp3":{"x":105.239296875,"y":169.21093750000003},"wp30":{"x":192.421875,"y":157.1875},"wp31":{"x":197.085859375,"y":149.3921875},"wp32":{"x":201.44000000000003,"y":140.8},"wp33":{"x":205.441640625,"y":131.38281250000003},"wp34":{"x":209.04812499999997,"y":121.1125},"wp35":{"x":212.216796875,"y":109.9609375},"wp36":{"x":214.90500000000003,"y":97.9},"wp37":{"x":217.070078125,"y":84.90156249999998},"wp38":{"x":218.669375,"y":70.93750000000003},"wp39":{"x":219.660234375,"y":55.97968750000001},"wp4":{"x":102.14500000000001,"y":172.3},"wp40":{"x":220.0,"y":40.0},"wp5":{"x":99.892578125,"y":175.3515625},"wp6":{"x":98.439375,"y":178.33749999999995},"wp7":{"x":97.74273437499998,"y":181.22968749999998},"wp8":{"x":97.76000000000003,"y":184.00000000000003},"wp9":{"x":98.44851562500001,"y":186.6203125}}
